base_date,lead_day,y_true,y_pred
2015-12-01 00:00:00,1,0.25999999046325684,0.6286426186561584
2015-12-01 00:00:00,2,0.2199999839067459,0.619762659072876
2015-12-01 00:00:00,3,0.17000000178813934,0.5942713022232056
2015-12-01 00:00:00,4,0.14000000059604645,0.8205746412277222
2015-12-01 00:00:00,5,0.14999999105930328,0.6455925703048706
2015-12-01 00:00:00,6,0.20000000298023224,0.7181966304779053
2015-12-01 00:00:00,7,0.23000000417232513,0.875887930393219
2015-12-02 00:00:00,1,0.2199999839067459,0.58628910779953
2015-12-02 00:00:00,2,0.17000000178813934,0.5865083932876587
2015-12-02 00:00:00,3,0.14000000059604645,0.5773347020149231
2015-12-02 00:00:00,4,0.14999999105930328,0.8048415780067444
2015-12-02 00:00:00,5,0.20000000298023224,0.624638557434082
2015-12-02 00:00:00,6,0.23000000417232513,0.7113152742385864
2015-12-02 00:00:00,7,0.28999999165534973,0.8601608276367188
2015-12-03 00:00:00,1,0.17000000178813934,0.5483261942863464
2015-12-03 00:00:00,2,0.14000000059604645,0.5557979345321655
2015-12-03 00:00:00,3,0.14999999105930328,0.56239914894104
2015-12-03 00:00:00,4,0.20000000298023224,0.7926101088523865
2015-12-03 00:00:00,5,0.23000000417232513,0.6073799729347229
2015-12-03 00:00:00,6,0.28999999165534973,0.700019359588623
2015-12-03 00:00:00,7,0.26999998092651367,0.8481072187423706
2015-12-04 00:00:00,1,0.14000000059604645,0.5339024066925049
2015-12-04 00:00:00,2,0.14999999105930328,0.5430495738983154
2015-12-04 00:00:00,3,0.20000000298023224,0.5574752688407898
2015-12-04 00:00:00,4,0.23000000417232513,0.7894845008850098
2015-12-04 00:00:00,5,0.28999999165534973,0.6017240881919861
2015-12-04 00:00:00,6,0.26999998092651367,0.6921340823173523
2015-12-04 00:00:00,7,0.25999999046325684,0.8462503552436829
2015-12-05 00:00:00,1,0.14999999105930328,0.5405961275100708
2015-12-05 00:00:00,2,0.20000000298023224,0.547341525554657
2015-12-05 00:00:00,3,0.23000000417232513,0.5607984066009521
2015-12-05 00:00:00,4,0.28999999165534973,0.7929354906082153
2015-12-05 00:00:00,5,0.26999998092651367,0.6052366495132446
2015-12-05 00:00:00,6,0.25999999046325684,0.6904406547546387
2015-12-05 00:00:00,7,0.23999999463558197,0.8516210317611694
2015-12-06 00:00:00,1,0.20000000298023224,0.5889528393745422
2015-12-06 00:00:00,2,0.23000000417232513,0.585043728351593
2015-12-06 00:00:00,3,0.28999999165534973,0.5868340134620667
2015-12-06 00:00:00,4,0.26999998092651367,0.8166332244873047
2015-12-06 00:00:00,5,0.25999999046325684,0.6319911479949951
2015-12-06 00:00:00,6,0.23999999463558197,0.7078247666358948
2015-12-06 00:00:00,7,0.20000000298023224,0.880072832107544
2015-12-07 00:00:00,1,0.23000000417232513,0.6358442306518555
2015-12-07 00:00:00,2,0.28999999165534973,0.6243554353713989
2015-12-07 00:00:00,3,0.26999998092651367,0.6162812113761902
2015-12-07 00:00:00,4,0.25999999046325684,0.8473657369613647
2015-12-07 00:00:00,5,0.23999999463558197,0.6650669574737549
2015-12-07 00:00:00,6,0.20000000298023224,0.7374073266983032
2015-12-07 00:00:00,7,0.17000000178813934,0.9158386588096619
2015-12-08 00:00:00,1,0.28999999165534973,0.6282740831375122
2015-12-08 00:00:00,2,0.26999998092651367,0.62288898229599
2015-12-08 00:00:00,3,0.25999999046325684,0.6181603670120239
2015-12-08 00:00:00,4,0.23999999463558197,0.8528957366943359
2015-12-08 00:00:00,5,0.20000000298023224,0.6768351793289185
2015-12-08 00:00:00,6,0.17000000178813934,0.7572869062423706
2015-12-08 00:00:00,7,0.14000000059604645,0.9275622367858887
2015-12-09 00:00:00,1,0.26999998092651367,0.6453925967216492
2015-12-09 00:00:00,2,0.25999999046325684,0.6412209272384644
2015-12-09 00:00:00,3,0.23999999463558197,0.6382850408554077
2015-12-09 00:00:00,4,0.20000000298023224,0.8783266544342041
2015-12-09 00:00:00,5,0.17000000178813934,0.7026985883712769
2015-12-09 00:00:00,6,0.14000000059604645,0.7879005074501038
2015-12-09 00:00:00,7,0.12000000476837158,0.9596213102340698
2015-12-10 00:00:00,1,0.25999999046325684,0.6761394143104553
2015-12-10 00:00:00,2,0.23999999463558197,0.6716760993003845
2015-12-10 00:00:00,3,0.20000000298023224,0.6686968207359314
2015-12-10 00:00:00,4,0.17000000178813934,0.9154478907585144
2015-12-10 00:00:00,5,0.14000000059604645,0.739870548248291
2015-12-10 00:00:00,6,0.12000000476837158,0.8297097682952881
2015-12-10 00:00:00,7,0.12999999523162842,1.0050333738327026
2015-12-11 00:00:00,1,0.23999999463558197,0.6857879161834717
2015-12-11 00:00:00,2,0.20000000298023224,0.6875844597816467
2015-12-11 00:00:00,3,0.17000000178813934,0.6888915300369263
2015-12-11 00:00:00,4,0.14000000059604645,0.945723831653595
2015-12-11 00:00:00,5,0.12000000476837158,0.7687544822692871
2015-12-11 00:00:00,6,0.12999999523162842,0.8693361878395081
2015-12-11 00:00:00,7,0.12999999523162842,1.0434772968292236
2015-12-12 00:00:00,1,0.20000000298023224,0.6326576471328735
2015-12-12 00:00:00,2,0.17000000178813934,0.6536960601806641
2015-12-12 00:00:00,3,0.14000000059604645,0.6720647811889648
2015-12-12 00:00:00,4,0.12000000476837158,0.9430283308029175
2015-12-12 00:00:00,5,0.12999999523162842,0.7655554413795471
2015-12-12 00:00:00,6,0.12999999523162842,0.882942259311676
2015-12-12 00:00:00,7,0.14000000059604645,1.0480378866195679
2015-12-13 00:00:00,1,0.17000000178813934,0.5694624781608582
2015-12-13 00:00:00,2,0.14000000059604645,0.6093704700469971
2015-12-13 00:00:00,3,0.12000000476837158,0.6468818187713623
2015-12-13 00:00:00,4,0.12999999523162842,0.9334943890571594
2015-12-13 00:00:00,5,0.12999999523162842,0.7529066205024719
2015-12-13 00:00:00,6,0.14000000059604645,0.879860520362854
2015-12-13 00:00:00,7,0.1599999964237213,1.043601632118225
2015-12-14 00:00:00,1,0.14000000059604645,0.5116289854049683
2015-12-14 00:00:00,2,0.12000000476837158,0.5666404366493225
2015-12-14 00:00:00,3,0.12999999523162842,0.6188593506813049
2015-12-14 00:00:00,4,0.12999999523162842,0.9208055138587952
2015-12-14 00:00:00,5,0.14000000059604645,0.7335669994354248
2015-12-14 00:00:00,6,0.1599999964237213,0.8640236258506775
2015-12-14 00:00:00,7,0.18999998271465302,1.0325647592544556
2015-12-15 00:00:00,1,0.12000000476837158,0.446267694234848
2015-12-15 00:00:00,2,0.12999999523162842,0.5147736072540283
2015-12-15 00:00:00,3,0.12999999523162842,0.5794029831886292
2015-12-15 00:00:00,4,0.14000000059604645,0.8949651718139648
2015-12-15 00:00:00,5,0.1599999964237213,0.69985431432724
2015-12-15 00:00:00,6,0.18999998271465302,0.8313604593276978
2015-12-15 00:00:00,7,0.23000000417232513,1.005225419998169
2015-12-16 00:00:00,1,0.12999999523162842,0.40185126662254333
2015-12-16 00:00:00,2,0.12999999523162842,0.4764869213104248
2015-12-16 00:00:00,3,0.14000000059604645,0.5479255318641663
2015-12-16 00:00:00,4,0.1599999964237213,0.8727556467056274
2015-12-16 00:00:00,5,0.18999998271465302,0.6703088283538818
2015-12-16 00:00:00,6,0.23000000417232513,0.7959641814231873
2015-12-16 00:00:00,7,0.23000000417232513,0.9806714057922363
2015-12-17 00:00:00,1,0.12999999523162842,0.36119890213012695
2015-12-17 00:00:00,2,0.14000000059604645,0.4401097595691681
2015-12-17 00:00:00,3,0.1599999964237213,0.5146531462669373
2015-12-17 00:00:00,4,0.18999998271465302,0.8444916009902954
2015-12-17 00:00:00,5,0.23000000417232513,0.6402085423469543
2015-12-17 00:00:00,6,0.23000000417232513,0.7575975656509399
2015-12-17 00:00:00,7,0.20999999344348907,0.9512232542037964
2015-12-18 00:00:00,1,0.14000000059604645,0.35788339376449585
2015-12-18 00:00:00,2,0.1599999964237213,0.43267568945884705
2015-12-18 00:00:00,3,0.18999998271465302,0.501724123954773
2015-12-18 00:00:00,4,0.23000000417232513,0.8312763571739197
2015-12-18 00:00:00,5,0.23000000417232513,0.6303920745849609
2015-12-18 00:00:00,6,0.20999999344348907,0.7334864139556885
2015-12-18 00:00:00,7,0.20000000298023224,0.9398421049118042
2015-12-19 00:00:00,1,0.1599999964237213,0.3726600110530853
2015-12-19 00:00:00,2,0.18999998271465302,0.4414806365966797
2015-12-19 00:00:00,3,0.23000000417232513,0.4988803565502167
2015-12-19 00:00:00,4,0.23000000417232513,0.8260864615440369
2015-12-19 00:00:00,5,0.20999999344348907,0.6319085359573364
2015-12-19 00:00:00,6,0.20000000298023224,0.7234623432159424
2015-12-19 00:00:00,7,0.20999999344348907,0.938493549823761
2015-12-20 00:00:00,1,0.18999998271465302,0.37291598320007324
2015-12-20 00:00:00,2,0.23000000417232513,0.44043391942977905
2015-12-20 00:00:00,3,0.23000000417232513,0.48948216438293457
2015-12-20 00:00:00,4,0.20999999344348907,0.8159202337265015
2015-12-20 00:00:00,5,0.20000000298023224,0.6249592304229736
2015-12-20 00:00:00,6,0.20999999344348907,0.7151223421096802
2015-12-20 00:00:00,7,0.17999999225139618,0.9306403994560242
2015-12-21 00:00:00,1,0.23000000417232513,0.2932456135749817
2015-12-21 00:00:00,2,0.23000000417232513,0.3762070834636688
2015-12-21 00:00:00,3,0.20999999344348907,0.43352046608924866
2015-12-21 00:00:00,4,0.20000000298023224,0.7601902484893799
2015-12-21 00:00:00,5,0.20999999344348907,0.5773957967758179
2015-12-21 00:00:00,6,0.17999999225139618,0.6754218935966492
2015-12-21 00:00:00,7,0.18999998271465302,0.8763338327407837
2015-12-22 00:00:00,1,0.23000000417232513,0.16944845020771027
2015-12-22 00:00:00,2,0.20999999344348907,0.2741314768791199
2015-12-22 00:00:00,3,0.20000000298023224,0.3507581651210785
2015-12-22 00:00:00,4,0.20999999344348907,0.6771851181983948
2015-12-22 00:00:00,5,0.17999999225139618,0.5018290877342224
2015-12-22 00:00:00,6,0.18999998271465302,0.6041590571403503
2015-12-22 00:00:00,7,0.20999999344348907,0.7911492586135864
2015-12-23 00:00:00,1,0.20999999344348907,0.0786973088979721
2015-12-23 00:00:00,2,0.20000000298023224,0.19289317727088928
2015-12-23 00:00:00,3,0.20999999344348907,0.284324049949646
2015-12-23 00:00:00,4,0.17999999225139618,0.6051079034805298
2015-12-23 00:00:00,5,0.18999998271465302,0.43467622995376587
2015-12-23 00:00:00,6,0.20999999344348907,0.5269801020622253
2015-12-23 00:00:00,7,0.23000000417232513,0.7147072553634644
2015-12-24 00:00:00,1,0.20000000298023224,0.08579174429178238
2015-12-24 00:00:00,2,0.20999999344348907,0.18309013545513153
2015-12-24 00:00:00,3,0.17999999225139618,0.272169291973114
2015-12-24 00:00:00,4,0.18999998271465302,0.5818354487419128
2015-12-24 00:00:00,5,0.20999999344348907,0.41319629549980164
2015-12-24 00:00:00,6,0.23000000417232513,0.4823620915412903
2015-12-24 00:00:00,7,0.23000000417232513,0.6904408931732178
2015-12-25 00:00:00,1,0.20999999344348907,0.14619027078151703
2015-12-25 00:00:00,2,0.17999999225139618,0.2144402712583542
2015-12-25 00:00:00,3,0.18999998271465302,0.29032450914382935
2015-12-25 00:00:00,4,0.20999999344348907,0.5873591899871826
2015-12-25 00:00:00,5,0.23000000417232513,0.42380011081695557
2015-12-25 00:00:00,6,0.23000000417232513,0.47374093532562256
2015-12-25 00:00:00,7,0.18999998271465302,0.7025133371353149
2015-12-26 00:00:00,1,0.17999999225139618,0.21927547454833984
2015-12-26 00:00:00,2,0.18999998271465302,0.25984230637550354
2015-12-26 00:00:00,3,0.20999999344348907,0.3197450339794159
2015-12-26 00:00:00,4,0.23000000417232513,0.6064229011535645
2015-12-26 00:00:00,5,0.23000000417232513,0.4491651654243469
2015-12-26 00:00:00,6,0.18999998271465302,0.493191123008728
2015-12-26 00:00:00,7,0.20000000298023224,0.7340391278266907
2015-12-27 00:00:00,1,0.18999998271465302,0.29519176483154297
2015-12-27 00:00:00,2,0.20999999344348907,0.31290534138679504
2015-12-27 00:00:00,3,0.23000000417232513,0.35687193274497986
2015-12-27 00:00:00,4,0.23000000417232513,0.6363888382911682
2015-12-27 00:00:00,5,0.18999998271465302,0.4842936098575592
2015-12-27 00:00:00,6,0.20000000298023224,0.5342035293579102
2015-12-27 00:00:00,7,0.20000000298023224,0.7801918983459473
2015-12-28 00:00:00,1,0.20999999344348907,0.343710720539093
2015-12-28 00:00:00,2,0.23000000417232513,0.3502178490161896
2015-12-28 00:00:00,3,0.23000000417232513,0.3860826790332794
2015-12-28 00:00:00,4,0.18999998271465302,0.663003146648407
2015-12-28 00:00:00,5,0.20000000298023224,0.5142642259597778
2015-12-28 00:00:00,6,0.20000000298023224,0.5808116793632507
2015-12-28 00:00:00,7,0.20000000298023224,0.8233532309532166
2015-12-29 00:00:00,1,0.23000000417232513,0.38068345189094543
2015-12-29 00:00:00,2,0.23000000417232513,0.3815228343009949
2015-12-29 00:00:00,3,0.18999998271465302,0.41561058163642883
2015-12-29 00:00:00,4,0.20000000298023224,0.6943269371986389
2015-12-29 00:00:00,5,0.20000000298023224,0.5459848046302795
2015-12-29 00:00:00,6,0.20000000298023224,0.6320970058441162
2015-12-29 00:00:00,7,0.20999999344348907,0.8717107772827148
2015-12-30 00:00:00,1,0.23000000417232513,0.4084131121635437
2015-12-30 00:00:00,2,0.18999998271465302,0.40907222032546997
2015-12-30 00:00:00,3,0.20000000298023224,0.44554397463798523
2015-12-30 00:00:00,4,0.20000000298023224,0.7315859198570251
2015-12-30 00:00:00,5,0.20000000298023224,0.5788153409957886
2015-12-30 00:00:00,6,0.20999999344348907,0.6858207583427429
2015-12-30 00:00:00,7,0.20999999344348907,0.9247589111328125
2015-12-31 00:00:00,1,0.18999998271465302,0.36682748794555664
2015-12-31 00:00:00,2,0.20000000298023224,0.3872655928134918
2015-12-31 00:00:00,3,0.20000000298023224,0.4386141002178192
2015-12-31 00:00:00,4,0.20000000298023224,0.7358747124671936
2015-12-31 00:00:00,5,0.20999999344348907,0.5861948132514954
2015-12-31 00:00:00,6,0.20999999344348907,0.7148777842521667
2015-12-31 00:00:00,7,0.2199999839067459,0.9447094798088074
2016-01-01 00:00:00,1,0.20000000298023224,0.30268609523773193
2016-01-01 00:00:00,2,0.20000000298023224,0.3460647165775299
2016-01-01 00:00:00,3,0.20000000298023224,0.4168897271156311
2016-01-01 00:00:00,4,0.20999999344348907,0.7286244034767151
2016-01-01 00:00:00,5,0.20999999344348907,0.580329179763794
2016-01-01 00:00:00,6,0.2199999839067459,0.7226566672325134
2016-01-01 00:00:00,7,0.2199999839067459,0.9505701661109924
2016-01-02 00:00:00,1,0.20000000298023224,0.22748637199401855
2016-01-02 00:00:00,2,0.20000000298023224,0.29286548495292664
2016-01-02 00:00:00,3,0.20999999344348907,0.3828665614128113
2016-01-02 00:00:00,4,0.20999999344348907,0.7085429430007935
2016-01-02 00:00:00,5,0.2199999839067459,0.5625891089439392
2016-01-02 00:00:00,6,0.2199999839067459,0.7095530033111572
2016-01-02 00:00:00,7,0.2199999839067459,0.9411100149154663
2016-01-03 00:00:00,1,0.20000000298023224,0.17265887558460236
2016-01-03 00:00:00,2,0.20999999344348907,0.2504636347293854
2016-01-03 00:00:00,3,0.20999999344348907,0.35332489013671875
2016-01-03 00:00:00,4,0.2199999839067459,0.6900376081466675
2016-01-03 00:00:00,5,0.2199999839067459,0.5460212826728821
2016-01-03 00:00:00,6,0.2199999839067459,0.6884106993675232
2016-01-03 00:00:00,7,0.23000000417232513,0.9315502643585205
2016-01-04 00:00:00,1,0.20999999344348907,0.11086422950029373
2016-01-04 00:00:00,2,0.20999999344348907,0.19974811375141144
2016-01-04 00:00:00,3,0.2199999839067459,0.3126194477081299
2016-01-04 00:00:00,4,0.2199999839067459,0.6545329689979553
2016-01-04 00:00:00,5,0.2199999839067459,0.514432430267334
2016-01-04 00:00:00,6,0.23000000417232513,0.6509175300598145
2016-01-04 00:00:00,7,0.23000000417232513,0.9026862382888794
2016-01-05 00:00:00,1,0.20999999344348907,0.03125597909092903
2016-01-05 00:00:00,2,0.2199999839067459,0.13044238090515137
2016-01-05 00:00:00,3,0.2199999839067459,0.2559526264667511
2016-01-05 00:00:00,4,0.2199999839067459,0.5920648574829102
2016-01-05 00:00:00,5,0.23000000417232513,0.4642340838909149
2016-01-05 00:00:00,6,0.23000000417232513,0.5913246870040894
2016-01-05 00:00:00,7,0.18999998271465302,0.8469915986061096
2016-01-06 00:00:00,1,0.2199999839067459,0.0
2016-01-06 00:00:00,2,0.2199999839067459,0.07317943871021271
2016-01-06 00:00:00,3,0.2199999839067459,0.2090948522090912
2016-01-06 00:00:00,4,0.23000000417232513,0.5298908948898315
2016-01-06 00:00:00,5,0.23000000417232513,0.416605144739151
2016-01-06 00:00:00,6,0.18999998271465302,0.5275710821151733
2016-01-06 00:00:00,7,0.14999999105930328,0.7913356423377991
2016-01-07 00:00:00,1,0.2199999839067459,0.0
2016-01-07 00:00:00,2,0.2199999839067459,0.044428881257772446
2016-01-07 00:00:00,3,0.23000000417232513,0.184303879737854
2016-01-07 00:00:00,4,0.23000000417232513,0.48396244645118713
2016-01-07 00:00:00,5,0.18999998271465302,0.38607436418533325
2016-01-07 00:00:00,6,0.14999999105930328,0.4769224226474762
2016-01-07 00:00:00,7,0.14999999105930328,0.7530269622802734
2016-01-08 00:00:00,1,0.2199999839067459,0.0
2016-01-08 00:00:00,2,0.23000000417232513,0.021165916696190834
2016-01-08 00:00:00,3,0.23000000417232513,0.16333559155464172
2016-01-08 00:00:00,4,0.18999998271465302,0.43046867847442627
2016-01-08 00:00:00,5,0.14999999105930328,0.3573503792285919
2016-01-08 00:00:00,6,0.14999999105930328,0.4307520389556885
2016-01-08 00:00:00,7,0.14000000059604645,0.7097467184066772
2016-01-09 00:00:00,1,0.23000000417232513,0.0
2016-01-09 00:00:00,2,0.23000000417232513,0.02403414063155651
2016-01-09 00:00:00,3,0.18999998271465302,0.16450604796409607
2016-01-09 00:00:00,4,0.14999999105930328,0.39732590317726135
2016-01-09 00:00:00,5,0.14999999105930328,0.3463205099105835
2016-01-09 00:00:00,6,0.14000000059604645,0.4053434729576111
2016-01-09 00:00:00,7,0.14000000059604645,0.6883211135864258
2016-01-10 00:00:00,1,0.23000000417232513,0.0
2016-01-10 00:00:00,2,0.18999998271465302,0.0145610012114048
2016-01-10 00:00:00,3,0.14999999105930328,0.15686291456222534
2016-01-10 00:00:00,4,0.14999999105930328,0.3519657850265503
2016-01-10 00:00:00,5,0.14000000059604645,0.3277904689311981
2016-01-10 00:00:00,6,0.14000000059604645,0.380461186170578
2016-01-10 00:00:00,7,0.14000000059604645,0.6541393995285034
2016-01-11 00:00:00,1,0.18999998271465302,0.0
2016-01-11 00:00:00,2,0.14999999105930328,0.0
2016-01-11 00:00:00,3,0.14999999105930328,0.13612151145935059
2016-01-11 00:00:00,4,0.14000000059604645,0.2897135615348816
2016-01-11 00:00:00,5,0.14000000059604645,0.2980957627296448
2016-01-11 00:00:00,6,0.14000000059604645,0.3454297184944153
2016-01-11 00:00:00,7,0.14000000059604645,0.6017971634864807
2016-01-12 00:00:00,1,0.14999999105930328,0.0
2016-01-12 00:00:00,2,0.14999999105930328,0.0
2016-01-12 00:00:00,3,0.14000000059604645,0.11861135810613632
2016-01-12 00:00:00,4,0.14000000059604645,0.2257220447063446
2016-01-12 00:00:00,5,0.14000000059604645,0.2689127027988434
2016-01-12 00:00:00,6,0.14000000059604645,0.3061583638191223
2016-01-12 00:00:00,7,0.12999999523162842,0.5463056564331055
2016-01-13 00:00:00,1,0.14999999105930328,0.0
2016-01-13 00:00:00,2,0.14000000059604645,0.0
2016-01-13 00:00:00,3,0.14000000059604645,0.12122112512588501
2016-01-13 00:00:00,4,0.14000000059604645,0.1837344467639923
2016-01-13 00:00:00,5,0.14000000059604645,0.2547343671321869
2016-01-13 00:00:00,6,0.12999999523162842,0.2787412106990814
2016-01-13 00:00:00,7,0.12999999523162842,0.5112786889076233
2016-01-14 00:00:00,1,0.14000000059604645,0.0
2016-01-14 00:00:00,2,0.14000000059604645,0.0
2016-01-14 00:00:00,3,0.14000000059604645,0.14134205877780914
2016-01-14 00:00:00,4,0.14000000059604645,0.16504982113838196
2016-01-14 00:00:00,5,0.12999999523162842,0.25719866156578064
2016-01-14 00:00:00,6,0.12999999523162842,0.2703098654747009
2016-01-14 00:00:00,7,0.12999999523162842,0.4995279610157013
2016-01-15 00:00:00,1,0.14000000059604645,0.0
2016-01-15 00:00:00,2,0.14000000059604645,0.0
2016-01-15 00:00:00,3,0.14000000059604645,0.1543344259262085
2016-01-15 00:00:00,4,0.12999999523162842,0.13567180931568146
2016-01-15 00:00:00,5,0.12999999523162842,0.2544485926628113
2016-01-15 00:00:00,6,0.12999999523162842,0.26136866211891174
2016-01-15 00:00:00,7,0.12000000476837158,0.47500884532928467
2016-01-16 00:00:00,1,0.14000000059604645,0.0
2016-01-16 00:00:00,2,0.14000000059604645,0.0
2016-01-16 00:00:00,3,0.12999999523162842,0.15054799616336823
2016-01-16 00:00:00,4,0.12999999523162842,0.08232820779085159
2016-01-16 00:00:00,5,0.12999999523162842,0.2380782514810562
2016-01-16 00:00:00,6,0.12000000476837158,0.23640432953834534
2016-01-16 00:00:00,7,0.12000000476837158,0.42187196016311646
2016-01-17 00:00:00,1,0.14000000059604645,0.0
2016-01-17 00:00:00,2,0.12999999523162842,0.0
2016-01-17 00:00:00,3,0.12999999523162842,0.1486758440732956
2016-01-17 00:00:00,4,0.12999999523162842,0.027427291497588158
2016-01-17 00:00:00,5,0.12000000476837158,0.2210117131471634
2016-01-17 00:00:00,6,0.12000000476837158,0.20382574200630188
2016-01-17 00:00:00,7,0.12000000476837158,0.361423522233963
2016-01-18 00:00:00,1,0.12999999523162842,0.0
2016-01-18 00:00:00,2,0.12999999523162842,0.0
2016-01-18 00:00:00,3,0.12999999523162842,0.17525655031204224
2016-01-18 00:00:00,4,0.12000000476837158,0.017697501927614212
2016-01-18 00:00:00,5,0.12000000476837158,0.22852683067321777
2016-01-18 00:00:00,6,0.12000000476837158,0.19490958750247955
2016-01-18 00:00:00,7,0.12000000476837158,0.34644168615341187
2016-01-19 00:00:00,1,0.12999999523162842,0.0
2016-01-19 00:00:00,2,0.12999999523162842,0.0
2016-01-19 00:00:00,3,0.12000000476837158,0.20996525883674622
2016-01-19 00:00:00,4,0.12000000476837158,0.02553485333919525
2016-01-19 00:00:00,5,0.12000000476837158,0.24531827867031097
2016-01-19 00:00:00,6,0.12000000476837158,0.2020713984966278
2016-01-19 00:00:00,7,0.10999999940395355,0.34920188784599304
2016-01-20 00:00:00,1,0.12999999523162842,0.0
2016-01-20 00:00:00,2,0.12000000476837158,0.0
2016-01-20 00:00:00,3,0.12000000476837158,0.22398598492145538
2016-01-20 00:00:00,4,0.12000000476837158,0.00773075083270669
2016-01-20 00:00:00,5,0.12000000476837158,0.24701929092407227
2016-01-20 00:00:00,6,0.10999999940395355,0.19570767879486084
2016-01-20 00:00:00,7,0.10999999940395355,0.3209763765335083
2016-01-21 00:00:00,1,0.12000000476837158,0.0
2016-01-21 00:00:00,2,0.12000000476837158,0.0
2016-01-21 00:00:00,3,0.12000000476837158,0.22640229761600494
2016-01-21 00:00:00,4,0.12000000476837158,0.0
2016-01-21 00:00:00,5,0.10999999940395355,0.23884722590446472
2016-01-21 00:00:00,6,0.10999999940395355,0.17465585470199585
2016-01-21 00:00:00,7,0.10999999940395355,0.2713552415370941
2016-01-22 00:00:00,1,0.12000000476837158,0.0
2016-01-22 00:00:00,2,0.12000000476837158,0.0
2016-01-22 00:00:00,3,0.12000000476837158,0.23818716406822205
2016-01-22 00:00:00,4,0.10999999940395355,0.0
2016-01-22 00:00:00,5,0.10999999940395355,0.23640869557857513
2016-01-22 00:00:00,6,0.10999999940395355,0.15593746304512024
2016-01-22 00:00:00,7,0.10000000149011612,0.23201707005500793
2016-01-23 00:00:00,1,0.12000000476837158,0.0
2016-01-23 00:00:00,2,0.12000000476837158,0.0
2016-01-23 00:00:00,3,0.10999999940395355,0.26877692341804504
2016-01-23 00:00:00,4,0.10999999940395355,0.0
2016-01-23 00:00:00,5,0.10999999940395355,0.2478967010974884
2016-01-23 00:00:00,6,0.10000000149011612,0.15419934689998627
2016-01-23 00:00:00,7,0.10000000149011612,0.2209751158952713
2016-01-24 00:00:00,1,0.12000000476837158,0.029011011123657227
2016-01-24 00:00:00,2,0.10999999940395355,0.0
2016-01-24 00:00:00,3,0.10999999940395355,0.30620884895324707
2016-01-24 00:00:00,4,0.10999999940395355,0.0
2016-01-24 00:00:00,5,0.10000000149011612,0.2669243812561035
2016-01-24 00:00:00,6,0.10000000149011612,0.16610802710056305
2016-01-24 00:00:00,7,0.10000000149011612,0.22978194057941437
2016-01-25 00:00:00,1,0.10999999940395355,0.076384536921978
2016-01-25 00:00:00,2,0.10999999940395355,0.030611393973231316
2016-01-25 00:00:00,3,0.10999999940395355,0.3411801755428314
2016-01-25 00:00:00,4,0.10000000149011612,0.02366494946181774
2016-01-25 00:00:00,5,0.10000000149011612,0.28748196363449097
2016-01-25 00:00:00,6,0.10000000149011612,0.1854207068681717
2016-01-25 00:00:00,7,0.08999999612569809,0.24675334990024567
2016-01-26 00:00:00,1,0.10999999940395355,0.11698891222476959
2016-01-26 00:00:00,2,0.10999999940395355,0.056329529732465744
2016-01-26 00:00:00,3,0.10000000149011612,0.3703133761882782
2016-01-26 00:00:00,4,0.10000000149011612,0.04770438373088837
2016-01-26 00:00:00,5,0.10000000149011612,0.306427001953125
2016-01-26 00:00:00,6,0.08999999612569809,0.207427516579628
2016-01-26 00:00:00,7,0.08999999612569809,0.26522430777549744
2016-01-27 00:00:00,1,0.10999999940395355,0.14938224852085114
2016-01-27 00:00:00,2,0.10000000149011612,0.07584276050329208
2016-01-27 00:00:00,3,0.10000000149011612,0.3927004933357239
2016-01-27 00:00:00,4,0.10000000149011612,0.06663624197244644
2016-01-27 00:00:00,5,0.08999999612569809,0.321548193693161
2016-01-27 00:00:00,6,0.08999999612569809,0.22892151772975922
2016-01-27 00:00:00,7,0.08000000566244125,0.28387635946273804
2016-01-28 00:00:00,1,0.10000000149011612,0.16647636890411377
2016-01-28 00:00:00,2,0.10000000149011612,0.0861499086022377
2016-01-28 00:00:00,3,0.10000000149011612,0.4076657295227051
2016-01-28 00:00:00,4,0.08999999612569809,0.07602757215499878
2016-01-28 00:00:00,5,0.08999999612569809,0.3313092589378357
2016-01-28 00:00:00,6,0.08000000566244125,0.24496671557426453
2016-01-28 00:00:00,7,0.08000000566244125,0.2944819927215576
2016-01-29 00:00:00,1,0.10000000149011612,0.17022158205509186
2016-01-29 00:00:00,2,0.10000000149011612,0.08852327615022659
2016-01-29 00:00:00,3,0.08999999612569809,0.41638311743736267
2016-01-29 00:00:00,4,0.08999999612569809,0.0777849555015564
2016-01-29 00:00:00,5,0.08000000566244125,0.33623206615448
2016-01-29 00:00:00,6,0.08000000566244125,0.2541118264198303
2016-01-29 00:00:00,7,0.08000000566244125,0.29745781421661377
2016-01-30 00:00:00,1,0.10000000149011612,0.16405004262924194
2016-01-30 00:00:00,2,0.08999999612569809,0.08536317944526672
2016-01-30 00:00:00,3,0.08999999612569809,0.41992491483688354
2016-01-30 00:00:00,4,0.08000000566244125,0.07409776747226715
2016-01-30 00:00:00,5,0.08000000566244125,0.33723482489585876
2016-01-30 00:00:00,6,0.08000000566244125,0.25608187913894653
2016-01-30 00:00:00,7,0.07000000029802322,0.29358601570129395
2016-01-31 00:00:00,1,0.08999999612569809,0.1649530977010727
2016-01-31 00:00:00,2,0.08999999612569809,0.08483712375164032
2016-01-31 00:00:00,3,0.08000000566244125,0.42465710639953613
2016-01-31 00:00:00,4,0.08000000566244125,0.0750451311469078
2016-01-31 00:00:00,5,0.08000000566244125,0.34190890192985535
2016-01-31 00:00:00,6,0.07000000029802322,0.2601035237312317
2016-01-31 00:00:00,7,0.07000000029802322,0.2968484163284302
2016-02-01 00:00:00,1,0.08999999612569809,0.18792468309402466
2016-02-01 00:00:00,2,0.08000000566244125,0.09504423290491104
2016-02-01 00:00:00,3,0.08000000566244125,0.4345546364784241
2016-02-01 00:00:00,4,0.08000000566244125,0.08947200328111649
2016-02-01 00:00:00,5,0.07000000029802322,0.35302960872650146
2016-02-01 00:00:00,6,0.07000000029802322,0.27534398436546326
2016-02-01 00:00:00,7,0.06000000238418579,0.31937867403030396
2016-02-02 00:00:00,1,0.08000000566244125,0.22318638861179352
2016-02-02 00:00:00,2,0.08000000566244125,0.1114434152841568
2016-02-02 00:00:00,3,0.08000000566244125,0.4464508295059204
2016-02-02 00:00:00,4,0.07000000029802322,0.10861489921808243
2016-02-02 00:00:00,5,0.07000000029802322,0.3678470253944397
2016-02-02 00:00:00,6,0.06000000238418579,0.30003121495246887
2016-02-02 00:00:00,7,0.06000000238418579,0.35264331102371216
2016-02-03 00:00:00,1,0.08000000566244125,0.2577775716781616
2016-02-03 00:00:00,2,0.08000000566244125,0.126839280128479
2016-02-03 00:00:00,3,0.07000000029802322,0.45555293560028076
2016-02-03 00:00:00,4,0.07000000029802322,0.12497802823781967
2016-02-03 00:00:00,5,0.06000000238418579,0.38056740164756775
2016-02-03 00:00:00,6,0.06000000238418579,0.32820260524749756
2016-02-03 00:00:00,7,0.06000000238418579,0.3871522545814514
2016-02-04 00:00:00,1,0.08000000566244125,0.2700521647930145
2016-02-04 00:00:00,2,0.07000000029802322,0.1305890828371048
2016-02-04 00:00:00,3,0.07000000029802322,0.45604947209358215
2016-02-04 00:00:00,4,0.06000000238418579,0.12716323137283325
2016-02-04 00:00:00,5,0.06000000238418579,0.3835354447364807
2016-02-04 00:00:00,6,0.06000000238418579,0.3473455309867859
2016-02-04 00:00:00,7,0.07000000029802322,0.4046947956085205
2016-02-05 00:00:00,1,0.07000000029802322,0.2683924436569214
2016-02-05 00:00:00,2,0.07000000029802322,0.12533819675445557
2016-02-05 00:00:00,3,0.06000000238418579,0.4521591365337372
2016-02-05 00:00:00,4,0.06000000238418579,0.12193384766578674
2016-02-05 00:00:00,5,0.06000000238418579,0.38238322734832764
2016-02-05 00:00:00,6,0.07000000029802322,0.3590971827507019
2016-02-05 00:00:00,7,0.07000000029802322,0.4142553508281708
2016-02-06 00:00:00,1,0.07000000029802322,0.277429461479187
2016-02-06 00:00:00,2,0.06000000238418579,0.12367530912160873
2016-02-06 00:00:00,3,0.06000000238418579,0.45207372307777405
2016-02-06 00:00:00,4,0.06000000238418579,0.12497594207525253
2016-02-06 00:00:00,5,0.07000000029802322,0.38753247261047363
2016-02-06 00:00:00,6,0.07000000029802322,0.37557587027549744
2016-02-06 00:00:00,7,0.08000000566244125,0.4368879199028015
2016-02-07 00:00:00,1,0.06000000238418579,0.29987165331840515
2016-02-07 00:00:00,2,0.06000000238418579,0.12925472855567932
2016-02-07 00:00:00,3,0.06000000238418579,0.45559683442115784
2016-02-07 00:00:00,4,0.07000000029802322,0.1376701146364212
2016-02-07 00:00:00,5,0.07000000029802322,0.39663657546043396
2016-02-07 00:00:00,6,0.08000000566244125,0.3994515538215637
2016-02-07 00:00:00,7,0.08000000566244125,0.4719340205192566
2016-02-08 00:00:00,1,0.06000000238418579,0.33812931180000305
2016-02-08 00:00:00,2,0.06000000238418579,0.14435768127441406
2016-02-08 00:00:00,3,0.07000000029802322,0.46381568908691406
2016-02-08 00:00:00,4,0.07000000029802322,0.1600310504436493
2016-02-08 00:00:00,5,0.08000000566244125,0.40818116068840027
2016-02-08 00:00:00,6,0.08000000566244125,0.43305128812789917
2016-02-08 00:00:00,7,0.08000000566244125,0.5198516249656677
2016-02-09 00:00:00,1,0.06000000238418579,0.377882182598114
2016-02-09 00:00:00,2,0.07000000029802322,0.1608203649520874
2016-02-09 00:00:00,3,0.07000000029802322,0.4711577594280243
2016-02-09 00:00:00,4,0.08000000566244125,0.18146049976348877
2016-02-09 00:00:00,5,0.08000000566244125,0.4199255406856537
2016-02-09 00:00:00,6,0.08000000566244125,0.47098347544670105
2016-02-09 00:00:00,7,0.08999999612569809,0.5702045559883118
2016-02-10 00:00:00,1,0.07000000029802322,0.3722020387649536
2016-02-10 00:00:00,2,0.07000000029802322,0.1520320475101471
2016-02-10 00:00:00,3,0.08000000566244125,0.46334579586982727
2016-02-10 00:00:00,4,0.08000000566244125,0.178602397441864
2016-02-10 00:00:00,5,0.08000000566244125,0.4161222279071808
2016-02-10 00:00:00,6,0.08999999612569809,0.4893697500228882
2016-02-10 00:00:00,7,0.08999999612569809,0.5889094471931458
2016-02-11 00:00:00,1,0.07000000029802322,0.2876996397972107
2016-02-11 00:00:00,2,0.08000000566244125,0.09821528196334839
2016-02-11 00:00:00,3,0.08000000566244125,0.42820048332214355
2016-02-11 00:00:00,4,0.08000000566244125,0.1296272724866867
2016-02-11 00:00:00,5,0.08999999612569809,0.3918924629688263
2016-02-11 00:00:00,6,0.08999999612569809,0.46686264872550964
2016-02-11 00:00:00,7,0.08999999612569809,0.5504238605499268
2016-02-12 00:00:00,1,0.08000000566244125,0.1875142604112625
2016-02-12 00:00:00,2,0.08000000566244125,0.036895740777254105
2016-02-12 00:00:00,3,0.08000000566244125,0.38819655776023865
2016-02-12 00:00:00,4,0.08999999612569809,0.07463131099939346
2016-02-12 00:00:00,5,0.08999999612569809,0.36093226075172424
2016-02-12 00:00:00,6,0.08999999612569809,0.42180323600769043
2016-02-12 00:00:00,7,0.10000000149011612,0.4937748610973358
2016-02-13 00:00:00,1,0.08000000566244125,0.12586770951747894
2016-02-13 00:00:00,2,0.08000000566244125,0.0004348690854385495
2016-02-13 00:00:00,3,0.08999999612569809,0.36387237906455994
2016-02-13 00:00:00,4,0.08999999612569809,0.04485369846224785
2016-02-13 00:00:00,5,0.08999999612569809,0.3379209041595459
2016-02-13 00:00:00,6,0.10000000149011612,0.378820538520813
2016-02-13 00:00:00,7,0.10000000149011612,0.45260894298553467
2016-02-14 00:00:00,1,0.08000000566244125,0.1075829565525055
2016-02-14 00:00:00,2,0.08999999612569809,0.0
2016-02-14 00:00:00,3,0.08999999612569809,0.35673272609710693
2016-02-14 00:00:00,4,0.08999999612569809,0.04015571251511574
2016-02-14 00:00:00,5,0.10000000149011612,0.32442113757133484
2016-02-14 00:00:00,6,0.10000000149011612,0.34740057587623596
2016-02-14 00:00:00,7,0.10000000149011612,0.4310835301876068
2016-02-15 00:00:00,1,0.08999999612569809,0.11634111404418945
2016-02-15 00:00:00,2,0.08999999612569809,0.0008384253596886992
2016-02-15 00:00:00,3,0.08999999612569809,0.3599366545677185
2016-02-15 00:00:00,4,0.10000000149011612,0.048506852239370346
2016-02-15 00:00:00,5,0.10000000149011612,0.3179319202899933
2016-02-15 00:00:00,6,0.10000000149011612,0.3281462490558624
2016-02-15 00:00:00,7,0.10999999940395355,0.42205166816711426
2016-02-16 00:00:00,1,0.08999999612569809,0.13724562525749207
2016-02-16 00:00:00,2,0.08999999612569809,0.01717604137957096
2016-02-16 00:00:00,3,0.10000000149011612,0.36802032589912415
2016-02-16 00:00:00,4,0.10000000149011612,0.060916293412446976
2016-02-16 00:00:00,5,0.10000000149011612,0.31636831164360046
2016-02-16 00:00:00,6,0.10999999940395355,0.3190933167934418
2016-02-16 00:00:00,7,0.10999999940395355,0.4202709197998047
2016-02-17 00:00:00,1,0.08999999612569809,0.16455461084842682
2016-02-17 00:00:00,2,0.10000000149011612,0.03637543320655823
2016-02-17 00:00:00,3,0.10000000149011612,0.3790283203125
2016-02-17 00:00:00,4,0.10000000149011612,0.07450389117002487
2016-02-17 00:00:00,5,0.10999999940395355,0.320620596408844
2016-02-17 00:00:00,6,0.10999999940395355,0.3203342854976654
2016-02-17 00:00:00,7,0.12000000476837158,0.4252817928791046
2016-02-18 00:00:00,1,0.10000000149011612,0.15631793439388275
2016-02-18 00:00:00,2,0.10000000149011612,0.03853734955191612
2016-02-18 00:00:00,3,0.10000000149011612,0.3772867023944855
2016-02-18 00:00:00,4,0.10999999940395355,0.063391774892807
2016-02-18 00:00:00,5,0.10999999940395355,0.31786495447158813
2016-02-18 00:00:00,6,0.12000000476837158,0.3105100393295288
2016-02-18 00:00:00,7,0.12000000476837158,0.4007208049297333
2016-02-19 00:00:00,1,0.10000000149011612,0.1442737877368927
2016-02-19 00:00:00,2,0.10000000149011612,0.038497623056173325
2016-02-19 00:00:00,3,0.10999999940395355,0.3737107217311859
2016-02-19 00:00:00,4,0.10999999940395355,0.05397278070449829
2016-02-19 00:00:00,5,0.12000000476837158,0.3112419545650482
2016-02-19 00:00:00,6,0.12000000476837158,0.297463595867157
2016-02-19 00:00:00,7,0.12000000476837158,0.37416526675224304
2016-02-20 00:00:00,1,0.10000000149011612,0.15505339205265045
2016-02-20 00:00:00,2,0.10999999940395355,0.049114808440208435
2016-02-20 00:00:00,3,0.10999999940395355,0.37891045212745667
2016-02-20 00:00:00,4,0.12000000476837158,0.06133856624364853
2016-02-20 00:00:00,5,0.12000000476837158,0.31056490540504456
2016-02-20 00:00:00,6,0.12000000476837158,0.2937030494213104
2016-02-20 00:00:00,7,0.12999999523162842,0.36762598156929016
2016-02-21 00:00:00,1,0.10999999940395355,0.16075420379638672
2016-02-21 00:00:00,2,0.10999999940395355,0.058320965617895126
2016-02-21 00:00:00,3,0.12000000476837158,0.38335490226745605
2016-02-21 00:00:00,4,0.12000000476837158,0.06398577243089676
2016-02-21 00:00:00,5,0.12000000476837158,0.31071117520332336
2016-02-21 00:00:00,6,0.12999999523162842,0.28978461027145386
2016-02-21 00:00:00,7,0.12999999523162842,0.35522037744522095
2016-02-22 00:00:00,1,0.10999999940395355,0.15873108804225922
2016-02-22 00:00:00,2,0.12000000476837158,0.06411606073379517
2016-02-22 00:00:00,3,0.12000000476837158,0.3857986032962799
2016-02-22 00:00:00,4,0.12000000476837158,0.06320812553167343
2016-02-22 00:00:00,5,0.12999999523162842,0.30905839800834656
2016-02-22 00:00:00,6,0.12999999523162842,0.28354111313819885
2016-02-22 00:00:00,7,0.14999999105930328,0.3366110324859619
2016-02-23 00:00:00,1,0.12000000476837158,0.1591808795928955
2016-02-23 00:00:00,2,0.12000000476837158,0.07089873403310776
2016-02-23 00:00:00,3,0.12000000476837158,0.3896044194698334
2016-02-23 00:00:00,4,0.12999999523162842,0.06611593812704086
2016-02-23 00:00:00,5,0.12999999523162842,0.3075903356075287
2016-02-23 00:00:00,6,0.14999999105930328,0.27797648310661316
2016-02-23 00:00:00,7,0.17999999225139618,0.32076409459114075
2016-02-24 00:00:00,1,0.12000000476837158,0.1793588399887085
2016-02-24 00:00:00,2,0.12000000476837158,0.08601361513137817
2016-02-24 00:00:00,3,0.12999999523162842,0.4004323482513428
2016-02-24 00:00:00,4,0.12999999523162842,0.08264725655317307
2016-02-24 00:00:00,5,0.14999999105930328,0.3112597167491913
2016-02-24 00:00:00,6,0.17999999225139618,0.2820059061050415
2016-02-24 00:00:00,7,0.20000000298023224,0.324571430683136
2016-02-25 00:00:00,1,0.12000000476837158,0.22223909199237823
2016-02-25 00:00:00,2,0.12999999523162842,0.11049265414476395
2016-02-25 00:00:00,3,0.12999999523162842,0.41786909103393555
2016-02-25 00:00:00,4,0.14999999105930328,0.11064619570970535
2016-02-25 00:00:00,5,0.17999999225139618,0.3223811089992523
2016-02-25 00:00:00,6,0.20000000298023224,0.3009410500526428
2016-02-25 00:00:00,7,0.2199999839067459,0.3519071936607361
2016-02-26 00:00:00,1,0.12999999523162842,0.28610482811927795
2016-02-26 00:00:00,2,0.12999999523162842,0.14310355484485626
2016-02-26 00:00:00,3,0.14999999105930328,0.43998080492019653
2016-02-26 00:00:00,4,0.17999999225139618,0.14660422503948212
2016-02-26 00:00:00,5,0.20000000298023224,0.3393446207046509
2016-02-26 00:00:00,6,0.2199999839067459,0.33704903721809387
2016-02-26 00:00:00,7,0.23999999463558197,0.4028063118457794
2016-02-27 00:00:00,1,0.12999999523162842,0.3604288101196289
2016-02-27 00:00:00,2,0.14999999105930328,0.1789403259754181
2016-02-27 00:00:00,3,0.17999999225139618,0.46316802501678467
2016-02-27 00:00:00,4,0.20000000298023224,0.1829233169555664
2016-02-27 00:00:00,5,0.2199999839067459,0.35830309987068176
2016-02-27 00:00:00,6,0.23999999463558197,0.3862619996070862
2016-02-27 00:00:00,7,0.26999998092651367,0.46878570318222046
2016-02-28 00:00:00,1,0.14999999105930328,0.42307716608047485
2016-02-28 00:00:00,2,0.17999999225139618,0.20628321170806885
2016-02-28 00:00:00,3,0.20000000298023224,0.48057231307029724
2016-02-28 00:00:00,4,0.2199999839067459,0.20578840374946594
2016-02-28 00:00:00,5,0.23999999463558197,0.3774608075618744
2016-02-28 00:00:00,6,0.26999998092651367,0.43944424390792847
2016-02-28 00:00:00,7,0.28999999165534973,0.5321324467658997
2016-02-29 00:00:00,1,0.17999999225139618,0.45331400632858276
2016-02-29 00:00:00,2,0.20000000298023224,0.21536485850811005
2016-02-29 00:00:00,3,0.2199999839067459,0.48621073365211487
2016-02-29 00:00:00,4,0.23999999463558197,0.20861448347568512
2016-02-29 00:00:00,5,0.26999998092651367,0.38969936966896057
2016-02-29 00:00:00,6,0.28999999165534973,0.4833919405937195
2016-02-29 00:00:00,7,0.3099999725818634,0.5763031840324402
2016-03-01 00:00:00,1,0.20000000298023224,0.46298298239707947
2016-03-01 00:00:00,2,0.2199999839067459,0.21237081289291382
2016-03-01 00:00:00,3,0.23999999463558197,0.48503217101097107
2016-03-01 00:00:00,4,0.26999998092651367,0.2037440687417984
2016-03-01 00:00:00,5,0.28999999165534973,0.39571118354797363
2016-03-01 00:00:00,6,0.3099999725818634,0.518280029296875
2016-03-01 00:00:00,7,0.3400000035762787,0.6101608276367188
2016-03-02 00:00:00,1,0.2199999839067459,0.46976906061172485
2016-03-02 00:00:00,2,0.23999999463558197,0.20744043588638306
2016-03-02 00:00:00,3,0.26999998092651367,0.48413071036338806
2016-03-02 00:00:00,4,0.28999999165534973,0.20168323814868927
2016-03-02 00:00:00,5,0.3099999725818634,0.40170925855636597
2016-03-02 00:00:00,6,0.3400000035762787,0.5502539873123169
2016-03-02 00:00:00,7,0.33000001311302185,0.6452375650405884
2016-03-03 00:00:00,1,0.23999999463558197,0.44092515110969543
2016-03-03 00:00:00,2,0.26999998092651367,0.18349438905715942
2016-03-03 00:00:00,3,0.28999999165534973,0.4720364212989807
2016-03-03 00:00:00,4,0.3099999725818634,0.18274874985218048
2016-03-03 00:00:00,5,0.3400000035762787,0.4001708924770355
2016-03-03 00:00:00,6,0.33000001311302185,0.5631330013275146
2016-03-03 00:00:00,7,0.320000022649765,0.654144823551178
2016-03-04 00:00:00,1,0.26999998092651367,0.37484604120254517
2016-03-04 00:00:00,2,0.28999999165534973,0.13912677764892578
2016-03-04 00:00:00,3,0.3099999725818634,0.44675710797309875
2016-03-04 00:00:00,4,0.3400000035762787,0.1475466638803482
2016-03-04 00:00:00,5,0.33000001311302185,0.38743138313293457
2016-03-04 00:00:00,6,0.320000022649765,0.5507991909980774
2016-03-04 00:00:00,7,0.3099999725818634,0.6343442797660828
2016-03-05 00:00:00,1,0.28999999165534973,0.31235700845718384
2016-03-05 00:00:00,2,0.3099999725818634,0.0979175865650177
2016-03-05 00:00:00,3,0.3400000035762787,0.421708345413208
2016-03-05 00:00:00,4,0.33000001311302185,0.1188909187912941
2016-03-05 00:00:00,5,0.320000022649765,0.37076613306999207
2016-03-05 00:00:00,6,0.3099999725818634,0.5272083878517151
2016-03-05 00:00:00,7,0.29999998211860657,0.6111683249473572
2016-03-06 00:00:00,1,0.3099999725818634,0.27160897850990295
2016-03-06 00:00:00,2,0.3400000035762787,0.0713346004486084
2016-03-06 00:00:00,3,0.33000001311302185,0.4042087495326996
2016-03-06 00:00:00,4,0.320000022649765,0.10345719754695892
2016-03-06 00:00:00,5,0.3099999725818634,0.35691502690315247
2016-03-06 00:00:00,6,0.29999998211860657,0.5030290484428406
2016-03-06 00:00:00,7,0.29999998211860657,0.5939903259277344
2016-03-07 00:00:00,1,0.3400000035762787,0.2376299798488617
2016-03-07 00:00:00,2,0.33000001311302185,0.05214414745569229
2016-03-07 00:00:00,3,0.320000022649765,0.3894089460372925
2016-03-07 00:00:00,4,0.3099999725818634,0.09002510458230972
2016-03-07 00:00:00,5,0.29999998211860657,0.3420833349227905
2016-03-07 00:00:00,6,0.29999998211860657,0.47540491819381714
2016-03-07 00:00:00,7,0.29999998211860657,0.5702428817749023
2016-03-08 00:00:00,1,0.33000001311302185,0.20381790399551392
2016-03-08 00:00:00,2,0.320000022649765,0.035642363131046295
2016-03-08 00:00:00,3,0.3099999725818634,0.3750024437904358
2016-03-08 00:00:00,4,0.29999998211860657,0.07446097582578659
2016-03-08 00:00:00,5,0.29999998211860657,0.32598310708999634
2016-03-08 00:00:00,6,0.29999998211860657,0.44319915771484375
2016-03-08 00:00:00,7,0.33000001311302185,0.5374314785003662
2016-03-09 00:00:00,1,0.320000022649765,0.1855190098285675
2016-03-09 00:00:00,2,0.3099999725818634,0.0290983859449625
2016-03-09 00:00:00,3,0.29999998211860657,0.3670656979084015
2016-03-09 00:00:00,4,0.29999998211860657,0.06776545196771622
2016-03-09 00:00:00,5,0.29999998211860657,0.31275731325149536
2016-03-09 00:00:00,6,0.33000001311302185,0.4145764112472534
2016-03-09 00:00:00,7,0.3499999940395355,0.5102003812789917
2016-03-10 00:00:00,1,0.3099999725818634,0.19457653164863586
2016-03-10 00:00:00,2,0.29999998211860657,0.03819424659013748
2016-03-10 00:00:00,3,0.29999998211860657,0.36977049708366394
2016-03-10 00:00:00,4,0.29999998211860657,0.07690893113613129
2016-03-10 00:00:00,5,0.33000001311302185,0.30598968267440796
2016-03-10 00:00:00,6,0.3499999940395355,0.39817577600479126
2016-03-10 00:00:00,7,0.3700000047683716,0.500399112701416
2016-03-11 00:00:00,1,0.29999998211860657,0.21386778354644775
2016-03-11 00:00:00,2,0.29999998211860657,0.05323176085948944
2016-03-11 00:00:00,3,0.29999998211860657,0.3756345808506012
2016-03-11 00:00:00,4,0.33000001311302185,0.08902928233146667
2016-03-11 00:00:00,5,0.3499999940395355,0.3035558760166168
2016-03-11 00:00:00,6,0.3700000047683716,0.390328586101532
2016-03-11 00:00:00,7,0.4100000262260437,0.49837005138397217
2016-03-12 00:00:00,1,0.29999998211860657,0.22997495532035828
2016-03-12 00:00:00,2,0.29999998211860657,0.06687204539775848
2016-03-12 00:00:00,3,0.33000001311302185,0.3792288303375244
2016-03-12 00:00:00,4,0.3499999940395355,0.09624254703521729
2016-03-12 00:00:00,5,0.3700000047683716,0.3016861081123352
2016-03-12 00:00:00,6,0.4100000262260437,0.3856965899467468
2016-03-12 00:00:00,7,0.4700000286102295,0.4942988455295563
2016-03-13 00:00:00,1,0.29999998211860657,0.2593698799610138
2016-03-13 00:00:00,2,0.33000001311302185,0.0860816240310669
2016-03-13 00:00:00,3,0.3499999940395355,0.3866424262523651
2016-03-13 00:00:00,4,0.3700000047683716,0.11115340143442154
2016-03-13 00:00:00,5,0.4100000262260437,0.30330753326416016
2016-03-13 00:00:00,6,0.4700000286102295,0.3923979699611664
2016-03-13 00:00:00,7,0.5099999904632568,0.5053678154945374
2016-03-14 00:00:00,1,0.33000001311302185,0.29727408289909363
2016-03-14 00:00:00,2,0.3499999940395355,0.10789147764444351
2016-03-14 00:00:00,3,0.3700000047683716,0.396981805562973
2016-03-14 00:00:00,4,0.4100000262260437,0.12798698246479034
2016-03-14 00:00:00,5,0.4700000286102295,0.3111776113510132
2016-03-14 00:00:00,6,0.5099999904632568,0.41046369075775146
2016-03-14 00:00:00,7,0.550000011920929,0.5283309817314148
2016-03-15 00:00:00,1,0.3499999940395355,0.3212500810623169
2016-03-15 00:00:00,2,0.3700000047683716,0.12106477469205856
2016-03-15 00:00:00,3,0.4100000262260437,0.4019734561443329
2016-03-15 00:00:00,4,0.4700000286102295,0.1348828673362732
2016-03-15 00:00:00,5,0.5099999904632568,0.31956708431243896
2016-03-15 00:00:00,6,0.550000011920929,0.4300394058227539
2016-03-15 00:00:00,7,0.5900000333786011,0.5459078550338745
2016-03-16 00:00:00,1,0.3700000047683716,0.3316611647605896
2016-03-16 00:00:00,2,0.4100000262260437,0.1262209415435791
2016-03-16 00:00:00,3,0.4700000286102295,0.40138885378837585
2016-03-16 00:00:00,4,0.5099999904632568,0.13487620651721954
2016-03-16 00:00:00,5,0.550000011920929,0.32415077090263367
2016-03-16 00:00:00,6,0.5900000333786011,0.4470274746417999
2016-03-16 00:00:00,7,0.6499999761581421,0.5570592284202576
2016-03-17 00:00:00,1,0.4100000262260437,0.3458102345466614
2016-03-17 00:00:00,2,0.4700000286102295,0.13173756003379822
2016-03-17 00:00:00,3,0.5099999904632568,0.4018349349498749
2016-03-17 00:00:00,4,0.550000011920929,0.13876715302467346
2016-03-17 00:00:00,5,0.5900000333786011,0.3286287784576416
2016-03-17 00:00:00,6,0.6499999761581421,0.46639135479927063
2016-03-17 00:00:00,7,0.7199999690055847,0.5748645067214966
2016-03-18 00:00:00,1,0.4700000286102295,0.366548091173172
2016-03-18 00:00:00,2,0.5099999904632568,0.1399848461151123
2016-03-18 00:00:00,3,0.550000011920929,0.4066963791847229
2016-03-18 00:00:00,4,0.5900000333786011,0.14881382882595062
2016-03-18 00:00:00,5,0.6499999761581421,0.3361890912055969
2016-03-18 00:00:00,6,0.7199999690055847,0.4890698492527008
2016-03-18 00:00:00,7,0.8700000047683716,0.6028748154640198
2016-03-19 00:00:00,1,0.5099999904632568,0.3728279173374176
2016-03-19 00:00:00,2,0.550000011920929,0.14000946283340454
2016-03-19 00:00:00,3,0.5900000333786011,0.4062229096889496
2016-03-19 00:00:00,4,0.6499999761581421,0.15199819207191467
2016-03-19 00:00:00,5,0.7199999690055847,0.34038230776786804
2016-03-19 00:00:00,6,0.8700000047683716,0.5061328411102295
2016-03-19 00:00:00,7,1.090000033378601,0.6238576173782349
2016-03-20 00:00:00,1,0.550000011920929,0.37402674555778503
2016-03-20 00:00:00,2,0.5900000333786011,0.13615761697292328
2016-03-20 00:00:00,3,0.6499999761581421,0.4032231867313385
2016-03-20 00:00:00,4,0.7199999690055847,0.15491993725299835
2016-03-20 00:00:00,5,0.8700000047683716,0.3426462709903717
2016-03-20 00:00:00,6,1.090000033378601,0.522306501865387
2016-03-20 00:00:00,7,1.7400000095367432,0.645220935344696
2016-03-21 00:00:00,1,0.5900000333786011,0.382220983505249
2016-03-21 00:00:00,2,0.6499999761581421,0.13572944700717926
2016-03-21 00:00:00,3,0.7199999690055847,0.4035782217979431
2016-03-21 00:00:00,4,0.8700000047683716,0.1639670580625534
2016-03-21 00:00:00,5,1.090000033378601,0.3460291922092438
2016-03-21 00:00:00,6,1.7400000095367432,0.5413135886192322
2016-03-21 00:00:00,7,3.6100001335144043,0.6737490296363831
2016-03-22 00:00:00,1,0.6499999761581421,0.3908730745315552
2016-03-22 00:00:00,2,0.7199999690055847,0.13574546575546265
2016-03-22 00:00:00,3,0.8700000047683716,0.4037157893180847
2016-03-22 00:00:00,4,1.090000033378601,0.1729673147201538
2016-03-22 00:00:00,5,1.7400000095367432,0.3503076732158661
2016-03-22 00:00:00,6,3.6100001335144043,0.5602729320526123
2016-03-22 00:00:00,7,3.1100001335144043,0.704103410243988
2016-03-23 00:00:00,1,0.7199999690055847,0.40494686365127563
2016-03-23 00:00:00,2,0.8700000047683716,0.13907338678836823
2016-03-23 00:00:00,3,1.090000033378601,0.4051339328289032
2016-03-23 00:00:00,4,1.7400000095367432,0.18561877310276031
2016-03-23 00:00:00,5,3.6100001335144043,0.3580239713191986
2016-03-23 00:00:00,6,3.1100001335144043,0.5835532546043396
2016-03-23 00:00:00,7,2.75,0.7419750690460205
2016-03-24 00:00:00,1,0.8700000047683716,0.43327638506889343
2016-03-24 00:00:00,2,1.090000033378601,0.15106020867824554
2016-03-24 00:00:00,3,1.7400000095367432,0.4131331145763397
2016-03-24 00:00:00,4,3.6100001335144043,0.2075600028038025
2016-03-24 00:00:00,5,3.1100001335144043,0.3728499710559845
2016-03-24 00:00:00,6,2.75,0.6158740520477295
2016-03-24 00:00:00,7,2.9100000858306885,0.7954808473587036
2016-03-25 00:00:00,1,1.090000033378601,0.5227444171905518
2016-03-25 00:00:00,2,1.7400000095367432,0.20053845643997192
2016-03-25 00:00:00,3,3.6100001335144043,0.4528030455112457
2016-03-25 00:00:00,4,3.1100001335144043,0.2749491333961487
2016-03-25 00:00:00,5,2.75,0.4123886525630951
2016-03-25 00:00:00,6,2.9100000858306885,0.6854677796363831
2016-03-25 00:00:00,7,5.049999713897705,0.9066527485847473
2016-03-26 00:00:00,1,1.7400000095367432,0.8103104829788208
2016-03-26 00:00:00,2,3.6100001335144043,0.37428611516952515
2016-03-26 00:00:00,3,3.1100001335144043,0.583411455154419
2016-03-26 00:00:00,4,2.75,0.44275546073913574
2016-03-26 00:00:00,5,2.9100000858306885,0.5337393283843994
2016-03-26 00:00:00,6,5.049999713897705,0.8447201251983643
2016-03-26 00:00:00,7,6.0799994468688965,1.1710556745529175
2016-03-27 00:00:00,1,3.6100001335144043,0.8696461915969849
2016-03-27 00:00:00,2,3.1100001335144043,0.42281749844551086
2016-03-27 00:00:00,3,2.75,0.6475258469581604
2016-03-27 00:00:00,4,2.9100000858306885,0.5432141423225403
2016-03-27 00:00:00,5,5.049999713897705,0.6505523920059204
2016-03-27 00:00:00,6,6.0799994468688965,1.0106736421585083
2016-03-27 00:00:00,7,5.699999809265137,1.3376266956329346
2016-03-28 00:00:00,1,3.1100001335144043,0.8680727481842041
2016-03-28 00:00:00,2,2.75,0.45111823081970215
2016-03-28 00:00:00,3,2.9100000858306885,0.6881831884384155
2016-03-28 00:00:00,4,5.049999713897705,0.6546515226364136
2016-03-28 00:00:00,5,6.0799994468688965,0.7690203189849854
2016-03-28 00:00:00,6,5.699999809265137,1.1844009160995483
2016-03-28 00:00:00,7,5.739999771118164,1.5021648406982422
2016-03-29 00:00:00,1,2.75,0.8938737511634827
2016-03-29 00:00:00,2,2.9100000858306885,0.5249125957489014
2016-03-29 00:00:00,3,5.049999713897705,0.7492855787277222
2016-03-29 00:00:00,4,6.0799994468688965,0.8207966089248657
2016-03-29 00:00:00,5,5.699999809265137,0.9200890064239502
2016-03-29 00:00:00,6,5.739999771118164,1.385936975479126
2016-03-29 00:00:00,7,7.449999809265137,1.703171730041504
2016-03-30 00:00:00,1,2.9100000858306885,1.1678063869476318
2016-03-30 00:00:00,2,5.049999713897705,0.8236334323883057
2016-03-30 00:00:00,3,6.0799994468688965,0.9504309296607971
2016-03-30 00:00:00,4,5.699999809265137,1.158110499382019
2016-03-30 00:00:00,5,5.739999771118164,1.229909896850586
2016-03-30 00:00:00,6,7.449999809265137,1.708916425704956
2016-03-30 00:00:00,7,6.729999542236328,2.073248863220215
2016-03-31 00:00:00,1,5.049999713897705,1.2628787755966187
2016-03-31 00:00:00,2,6.0799994468688965,1.0934240818023682
2016-03-31 00:00:00,3,5.699999809265137,1.1447629928588867
2016-03-31 00:00:00,4,5.739999771118164,1.5332571268081665
2016-03-31 00:00:00,5,7.449999809265137,1.6019647121429443
2016-03-31 00:00:00,6,6.729999542236328,2.1348419189453125
2016-03-31 00:00:00,7,5.649999618530273,2.4260337352752686
2016-04-01 00:00:00,1,6.0799994468688965,1.366898775100708
2016-04-01 00:00:00,2,5.699999809265137,1.4818265438079834
2016-04-01 00:00:00,3,5.739999771118164,1.4264577627182007
2016-04-01 00:00:00,4,7.449999809265137,2.006549835205078
2016-04-01 00:00:00,5,6.729999542236328,2.0919177532196045
2016-04-01 00:00:00,6,5.649999618530273,2.681818723678589
2016-04-01 00:00:00,7,5.449999809265137,2.8421218395233154
2016-04-02 00:00:00,1,5.699999809265137,1.7292718887329102
2016-04-02 00:00:00,2,5.739999771118164,2.2124879360198975
2016-04-02 00:00:00,3,7.449999809265137,2.002200126647949
2016-04-02 00:00:00,4,6.729999542236328,2.655796766281128
2016-04-02 00:00:00,5,5.649999618530273,2.8576319217681885
2016-04-02 00:00:00,6,5.449999809265137,3.4820592403411865
2016-04-02 00:00:00,7,5.869999885559082,3.4417836666107178
2016-04-03 00:00:00,1,5.739999771118164,2.6911613941192627
2016-04-03 00:00:00,2,7.449999809265137,3.562610149383545
2016-04-03 00:00:00,3,6.729999542236328,3.2027511596679688
2016-04-03 00:00:00,4,5.649999618530273,3.5521605014801025
2016-04-03 00:00:00,5,5.449999809265137,4.119893550872803
2016-04-03 00:00:00,6,5.869999885559082,4.729540824890137
2016-04-03 00:00:00,7,6.349999904632568,4.3843770027160645
2016-04-04 00:00:00,1,7.449999809265137,4.213539123535156
2016-04-04 00:00:00,2,6.729999542236328,5.252185344696045
2016-04-04 00:00:00,3,5.649999618530273,4.874894618988037
2016-04-04 00:00:00,4,5.449999809265137,4.692897319793701
2016-04-04 00:00:00,5,5.869999885559082,5.668822765350342
2016-04-04 00:00:00,6,6.349999904632568,6.1149001121521
2016-04-04 00:00:00,7,7.749999523162842,5.5809245109558105
2016-04-05 00:00:00,1,6.729999542236328,5.572778224945068
2016-04-05 00:00:00,2,5.649999618530273,6.435804843902588
2016-04-05 00:00:00,3,5.449999809265137,6.184701919555664
2016-04-05 00:00:00,4,5.869999885559082,5.872045516967773
2016-04-05 00:00:00,5,6.349999904632568,6.756351947784424
2016-04-05 00:00:00,6,7.749999523162842,6.930083274841309
2016-04-05 00:00:00,7,6.779999732971191,6.581981182098389
2016-04-06 00:00:00,1,5.649999618530273,6.554840087890625
2016-04-06 00:00:00,2,5.449999809265137,7.144571781158447
2016-04-06 00:00:00,3,5.869999885559082,6.981104850769043
2016-04-06 00:00:00,4,6.349999904632568,6.7589945793151855
2016-04-06 00:00:00,5,7.749999523162842,7.314177513122559
2016-04-06 00:00:00,6,6.779999732971191,7.307005882263184
2016-04-06 00:00:00,7,8.889999389648438,7.244754791259766
2016-04-07 00:00:00,1,5.449999809265137,7.2173919677734375
2016-04-07 00:00:00,2,5.869999885559082,7.6176886558532715
2016-04-07 00:00:00,3,6.349999904632568,7.449488162994385
2016-04-07 00:00:00,4,7.749999523162842,7.307518482208252
2016-04-07 00:00:00,5,6.779999732971191,7.608681678771973
2016-04-07 00:00:00,6,8.889999389648438,7.537504196166992
2016-04-07 00:00:00,7,11.760001182556152,7.658259868621826
2016-04-08 00:00:00,1,5.869999885559082,7.769525051116943
2016-04-08 00:00:00,2,6.349999904632568,8.031824111938477
2016-04-08 00:00:00,3,7.749999523162842,7.781283378601074
2016-04-08 00:00:00,4,6.779999732971191,7.667291641235352
2016-04-08 00:00:00,5,8.889999389648438,7.829779148101807
2016-04-08 00:00:00,6,11.760001182556152,7.727160453796387
2016-04-08 00:00:00,7,12.200000762939453,7.946364879608154
2016-04-09 00:00:00,1,6.349999904632568,8.322369575500488
2016-04-09 00:00:00,2,7.749999523162842,8.452646255493164
2016-04-09 00:00:00,3,6.779999732971191,8.079465866088867
2016-04-09 00:00:00,4,8.889999389648438,7.952618598937988
2016-04-09 00:00:00,5,11.760001182556152,8.04047679901123
2016-04-09 00:00:00,6,12.200000762939453,7.9129252433776855
2016-04-09 00:00:00,7,8.799999237060547,8.16821575164795
2016-04-10 00:00:00,1,7.749999523162842,8.674135208129883
2016-04-10 00:00:00,2,6.779999732971191,8.727179527282715
2016-04-10 00:00:00,3,8.889999389648438,8.25898551940918
2016-04-10 00:00:00,4,11.760001182556152,8.125210762023926
2016-04-10 00:00:00,5,12.200000762939453,8.1817626953125
2016-04-10 00:00:00,6,8.799999237060547,8.080652236938477
2016-04-10 00:00:00,7,6.449999809265137,8.31331729888916
2016-04-11 00:00:00,1,6.779999732971191,9.018436431884766
2016-04-11 00:00:00,2,8.889999389648438,8.991762161254883
2016-04-11 00:00:00,3,11.760001182556152,8.43481159210205
2016-04-11 00:00:00,4,12.200000762939453,8.29365348815918
2016-04-11 00:00:00,5,8.799999237060547,8.334461212158203
2016-04-11 00:00:00,6,6.449999809265137,8.236682891845703
2016-04-11 00:00:00,7,6.0799994468688965,8.44405746459961
2016-04-12 00:00:00,1,8.889999389648438,10.106465339660645
2016-04-12 00:00:00,2,11.760001182556152,9.751797676086426
2016-04-12 00:00:00,3,12.200000762939453,8.913677215576172
2016-04-12 00:00:00,4,8.799999237060547,8.70798397064209
2016-04-12 00:00:00,5,6.449999809265137,8.714583396911621
2016-04-12 00:00:00,6,6.0799994468688965,8.483591079711914
2016-04-12 00:00:00,7,6.679999828338623,8.664228439331055
2016-04-13 00:00:00,1,11.760001182556152,10.821606636047363
2016-04-13 00:00:00,2,12.200000762939453,10.256449699401855
2016-04-13 00:00:00,3,8.799999237060547,9.204197883605957
2016-04-13 00:00:00,4,6.449999809265137,8.97037410736084
2016-04-13 00:00:00,5,6.0799994468688965,8.938002586364746
2016-04-13 00:00:00,6,6.679999828338623,8.76539134979248
2016-04-13 00:00:00,7,7.749999523162842,8.769775390625
2016-04-14 00:00:00,1,12.200000762939453,10.865461349487305
2016-04-14 00:00:00,2,8.799999237060547,10.296485900878906
2016-04-14 00:00:00,3,6.449999809265137,9.230281829833984
2016-04-14 00:00:00,4,6.0799994468688965,9.038230895996094
2016-04-14 00:00:00,5,6.679999828338623,8.986001014709473
2016-04-14 00:00:00,6,7.749999523162842,8.965965270996094
2016-04-14 00:00:00,7,9.0600004196167,8.806472778320312
2016-04-15 00:00:00,1,8.799999237060547,10.72532844543457
2016-04-15 00:00:00,2,6.449999809265137,10.213768005371094
2016-04-15 00:00:00,3,6.0799994468688965,9.223299026489258
2016-04-15 00:00:00,4,6.679999828338623,9.091897010803223
2016-04-15 00:00:00,5,7.749999523162842,9.027376174926758
2016-04-15 00:00:00,6,9.0600004196167,9.078981399536133
2016-04-15 00:00:00,7,10.190000534057617,8.864829063415527
2016-04-16 00:00:00,1,6.449999809265137,10.601583480834961
2016-04-16 00:00:00,2,6.0799994468688965,10.14866828918457
2016-04-16 00:00:00,3,6.679999828338623,9.243274688720703
2016-04-16 00:00:00,4,7.749999523162842,9.158692359924316
2016-04-16 00:00:00,5,9.0600004196167,9.08266830444336
2016-04-16 00:00:00,6,10.190000534057617,9.139577865600586
2016-04-16 00:00:00,7,11.069999694824219,8.933414459228516
2016-04-17 00:00:00,1,6.0799994468688965,10.620233535766602
2016-04-17 00:00:00,2,6.679999828338623,10.188477516174316
2016-04-17 00:00:00,3,7.749999523162842,9.334515571594238
2016-04-17 00:00:00,4,9.0600004196167,9.26563835144043
2016-04-17 00:00:00,5,10.190000534057617,9.166289329528809
2016-04-17 00:00:00,6,11.069999694824219,9.17121696472168
2016-04-17 00:00:00,7,11.410000801086426,9.001920700073242
2016-04-18 00:00:00,1,6.679999828338623,10.726727485656738
2016-04-18 00:00:00,2,7.749999523162842,10.283353805541992
2016-04-18 00:00:00,3,9.0600004196167,9.439607620239258
2016-04-18 00:00:00,4,10.190000534057617,9.365763664245605
2016-04-18 00:00:00,5,11.069999694824219,9.245118141174316
2016-04-18 00:00:00,6,11.410000801086426,9.191835403442383
2016-04-18 00:00:00,7,12.369999885559082,9.049734115600586
2016-04-19 00:00:00,1,7.749999523162842,10.855547904968262
2016-04-19 00:00:00,2,9.0600004196167,10.385895729064941
2016-04-19 00:00:00,3,10.190000534057617,9.530221939086914
2016-04-19 00:00:00,4,11.069999694824219,9.444798469543457
2016-04-19 00:00:00,5,11.410000801086426,9.304214477539062
2016-04-19 00:00:00,6,12.369999885559082,9.204394340515137
2016-04-19 00:00:00,7,11.069999694824219,9.071793556213379
2016-04-20 00:00:00,1,9.0600004196167,11.034528732299805
2016-04-20 00:00:00,2,10.190000534057617,10.524211883544922
2016-04-20 00:00:00,3,11.069999694824219,9.63847827911377
2016-04-20 00:00:00,4,11.410000801086426,9.533979415893555
2016-04-20 00:00:00,5,12.369999885559082,9.360231399536133
2016-04-20 00:00:00,6,11.069999694824219,9.207366943359375
2016-04-20 00:00:00,7,9.670001029968262,9.074661254882812
2016-04-21 00:00:00,1,10.190000534057617,11.268362045288086
2016-04-21 00:00:00,2,11.069999694824219,10.700230598449707
2016-04-21 00:00:00,3,11.410000801086426,9.761693000793457
2016-04-21 00:00:00,4,12.369999885559082,9.632521629333496
2016-04-21 00:00:00,5,11.069999694824219,9.412368774414062
2016-04-21 00:00:00,6,9.670001029968262,9.20361042022705
2016-04-21 00:00:00,7,9.5,9.056130409240723
2016-04-22 00:00:00,1,11.069999694824219,11.52475643157959
2016-04-22 00:00:00,2,11.410000801086426,10.889594078063965
2016-04-22 00:00:00,3,12.369999885559082,9.879427909851074
2016-04-22 00:00:00,4,11.069999694824219,9.724221229553223
2016-04-22 00:00:00,5,9.670001029968262,9.451428413391113
2016-04-22 00:00:00,6,9.5,9.191082000732422
2016-04-22 00:00:00,7,7.749999523162842,9.009961128234863
2016-04-23 00:00:00,1,11.410000801086426,12.108888626098633
2016-04-23 00:00:00,2,12.369999885559082,11.280791282653809
2016-04-23 00:00:00,3,11.069999694824219,10.083767890930176
2016-04-23 00:00:00,4,9.670001029968262,9.892193794250488
2016-04-23 00:00:00,5,9.5,9.565836906433105
2016-04-23 00:00:00,6,7.749999523162842,9.20359992980957
2016-04-23 00:00:00,7,6.779999732971191,8.973180770874023
2016-04-24 00:00:00,1,12.369999885559082,12.357024192810059
2016-04-24 00:00:00,2,11.069999694824219,11.436864852905273
2016-04-24 00:00:00,3,9.670001029968262,10.113956451416016
2016-04-24 00:00:00,4,9.5,9.909847259521484
2016-04-24 00:00:00,5,7.749999523162842,9.538931846618652
2016-04-24 00:00:00,6,6.779999732971191,9.207277297973633
2016-04-24 00:00:00,7,5.8299994468688965,8.851224899291992
2016-04-25 00:00:00,1,11.069999694824219,12.284818649291992
2016-04-25 00:00:00,2,9.670001029968262,11.37636947631836
2016-04-25 00:00:00,3,9.5,10.027238845825195
2016-04-25 00:00:00,4,7.749999523162842,9.817404747009277
2016-04-25 00:00:00,5,6.779999732971191,9.409632682800293
2016-04-25 00:00:00,6,5.8299994468688965,9.121429443359375
2016-04-25 00:00:00,7,5.170000076293945,8.684083938598633
2016-04-26 00:00:00,1,9.670001029968262,12.371983528137207
2016-04-26 00:00:00,2,9.5,11.431885719299316
2016-04-26 00:00:00,3,7.749999523162842,10.02438735961914
2016-04-26 00:00:00,4,6.779999732971191,9.812957763671875
2016-04-26 00:00:00,5,5.8299994468688965,9.36495304107666
2016-04-26 00:00:00,6,5.170000076293945,9.067438125610352
2016-04-26 00:00:00,7,4.820000171661377,8.581818580627441
2016-04-27 00:00:00,1,9.5,12.11054801940918
2016-04-27 00:00:00,2,7.749999523162842,11.240629196166992
2016-04-27 00:00:00,3,6.779999732971191,9.871539115905762
2016-04-27 00:00:00,4,5.8299994468688965,9.662511825561523
2016-04-27 00:00:00,5,5.170000076293945,9.19680404663086
2016-04-27 00:00:00,6,4.820000171661377,8.962361335754395
2016-04-27 00:00:00,7,4.739999771118164,8.422147750854492
2016-04-28 00:00:00,1,7.749999523162842,11.702493667602539
2016-04-28 00:00:00,2,6.779999732971191,10.941279411315918
2016-04-28 00:00:00,3,5.8299994468688965,9.66907787322998
2016-04-28 00:00:00,4,5.170000076293945,9.45229434967041
2016-04-28 00:00:00,5,4.820000171661377,8.988430976867676
2016-04-28 00:00:00,6,4.739999771118164,8.78589916229248
2016-04-28 00:00:00,7,4.670000076293945,8.254817008972168
2016-04-29 00:00:00,1,6.779999732971191,11.066535949707031
2016-04-29 00:00:00,2,5.8299994468688965,10.46781063079834
2016-04-29 00:00:00,3,5.170000076293945,9.343667030334473
2016-04-29 00:00:00,4,4.820000171661377,9.0912504196167
2016-04-29 00:00:00,5,4.739999771118164,8.648880004882812
2016-04-29 00:00:00,6,4.670000076293945,8.468714714050293
2016-04-29 00:00:00,7,4.420000076293945,7.997575759887695
2016-04-30 00:00:00,1,5.8299994468688965,10.536737442016602
2016-04-30 00:00:00,2,5.170000076293945,10.052401542663574
2016-04-30 00:00:00,3,4.820000171661377,9.036803245544434
2016-04-30 00:00:00,4,4.739999771118164,8.7543306350708
2016-04-30 00:00:00,5,4.670000076293945,8.340250015258789
2016-04-30 00:00:00,6,4.420000076293945,8.16524600982666
2016-04-30 00:00:00,7,4.599999904632568,7.764773845672607
2016-05-01 00:00:00,1,5.170000076293945,9.792892456054688
2016-05-01 00:00:00,2,4.820000171661377,9.454280853271484
2016-05-01 00:00:00,3,4.739999771118164,8.593086242675781
2016-05-01 00:00:00,4,4.670000076293945,8.298771858215332
2016-05-01 00:00:00,5,4.420000076293945,7.908690452575684
2016-05-01 00:00:00,6,4.599999904632568,7.7784223556518555
2016-05-01 00:00:00,7,6.400000095367432,7.441804885864258
2016-05-02 00:00:00,1,4.820000171661377,8.997180938720703
2016-05-02 00:00:00,2,4.739999771118164,8.77418041229248
2016-05-02 00:00:00,3,4.670000076293945,8.056266784667969
2016-05-02 00:00:00,4,4.420000076293945,7.780789852142334
2016-05-02 00:00:00,5,4.599999904632568,7.382401466369629
2016-05-02 00:00:00,6,6.400000095367432,7.266573905944824
2016-05-02 00:00:00,7,5.649999618530273,7.025907039642334
2016-05-03 00:00:00,1,4.739999771118164,8.244327545166016
2016-05-03 00:00:00,2,4.670000076293945,8.078059196472168
2016-05-03 00:00:00,3,4.420000076293945,7.465743064880371
2016-05-03 00:00:00,4,4.599999904632568,7.24898624420166
2016-05-03 00:00:00,5,6.400000095367432,6.809113025665283
2016-05-03 00:00:00,6,5.649999618530273,6.680343151092529
2016-05-03 00:00:00,7,6.96999979019165,6.546525955200195
2016-05-04 00:00:00,1,4.670000076293945,7.4321465492248535
2016-05-04 00:00:00,2,4.420000076293945,7.323890686035156
2016-05-04 00:00:00,3,4.599999904632568,6.872063636779785
2016-05-04 00:00:00,4,6.400000095367432,6.747887134552002
2016-05-04 00:00:00,5,5.649999618530273,6.277459621429443
2016-05-04 00:00:00,6,6.96999979019165,6.170183181762695
2016-05-04 00:00:00,7,10.980000495910645,6.10277795791626
2016-05-05 00:00:00,1,4.420000076293945,6.777054786682129
2016-05-05 00:00:00,2,4.599999904632568,6.729078769683838
2016-05-05 00:00:00,3,6.400000095367432,6.448483467102051
2016-05-05 00:00:00,4,5.649999618530273,6.405524730682373
2016-05-05 00:00:00,5,6.96999979019165,5.909901142120361
2016-05-05 00:00:00,6,10.980000495910645,5.810231685638428
2016-05-05 00:00:00,7,6.490000247955322,5.79310941696167
2016-05-06 00:00:00,1,4.599999904632568,6.7705535888671875
2016-05-06 00:00:00,2,6.400000095367432,6.654322624206543
2016-05-06 00:00:00,3,5.649999618530273,6.336784839630127
2016-05-06 00:00:00,4,6.96999979019165,6.304742336273193
2016-05-06 00:00:00,5,10.980000495910645,5.798272609710693
2016-05-06 00:00:00,6,6.490000247955322,5.600780963897705
2016-05-06 00:00:00,7,4.929999828338623,5.686793327331543
2016-05-07 00:00:00,1,6.400000095367432,6.6649346351623535
2016-05-07 00:00:00,2,5.649999618530273,6.510261535644531
2016-05-07 00:00:00,3,6.96999979019165,6.170322895050049
2016-05-07 00:00:00,4,10.980000495910645,6.138863563537598
2016-05-07 00:00:00,5,6.490000247955322,5.648570537567139
2016-05-07 00:00:00,6,4.929999828338623,5.452267169952393
2016-05-07 00:00:00,7,5.579999923706055,5.541553497314453
2016-05-08 00:00:00,1,5.649999618530273,6.452122211456299
2016-05-08 00:00:00,2,6.96999979019165,6.295233726501465
2016-05-08 00:00:00,3,10.980000495910645,5.9925737380981445
2016-05-08 00:00:00,4,6.490000247955322,5.9732770919799805
2016-05-08 00:00:00,5,4.929999828338623,5.495698928833008
2016-05-08 00:00:00,6,5.579999923706055,5.326100826263428
2016-05-08 00:00:00,7,4.449999809265137,5.385523796081543
2016-05-09 00:00:00,1,6.96999979019165,7.143790245056152
2016-05-09 00:00:00,2,10.980000495910645,6.796103477478027
2016-05-09 00:00:00,3,6.490000247955322,6.213334560394287
2016-05-09 00:00:00,4,4.929999828338623,6.118221759796143
2016-05-09 00:00:00,5,5.579999923706055,5.662248611450195
2016-05-09 00:00:00,6,4.449999809265137,5.33390474319458
2016-05-09 00:00:00,7,4.380000114440918,5.491233825683594
2016-05-10 00:00:00,1,10.980000495910645,7.015132427215576
2016-05-10 00:00:00,2,6.490000247955322,6.6577839851379395
2016-05-10 00:00:00,3,4.929999828338623,6.038206100463867
2016-05-10 00:00:00,4,5.579999923706055,5.920666217803955
2016-05-10 00:00:00,5,4.449999809265137,5.513628959655762
2016-05-10 00:00:00,6,4.380000114440918,5.28090763092041
2016-05-10 00:00:00,7,5.049999713897705,5.330411434173584
2016-05-11 00:00:00,1,6.490000247955322,6.5517897605896
2016-05-11 00:00:00,2,4.929999828338623,6.265140533447266
2016-05-11 00:00:00,3,5.579999923706055,5.797597408294678
2016-05-11 00:00:00,4,4.449999809265137,5.720732688903809
2016-05-11 00:00:00,5,4.380000114440918,5.330739974975586
2016-05-11 00:00:00,6,5.049999713897705,5.1996750831604
2016-05-11 00:00:00,7,7.069999694824219,5.1644110679626465
2016-05-12 00:00:00,1,4.929999828338623,6.394238471984863
2016-05-12 00:00:00,2,5.579999923706055,6.127013683319092
2016-05-12 00:00:00,3,4.449999809265137,5.733255863189697
2016-05-12 00:00:00,4,4.380000114440918,5.677441120147705
2016-05-12 00:00:00,5,5.049999713897705,5.280139923095703
2016-05-12 00:00:00,6,7.069999694824219,5.145116329193115
2016-05-12 00:00:00,7,8.699999809265137,5.121292591094971
2016-05-13 00:00:00,1,5.579999923706055,6.3551788330078125
2016-05-13 00:00:00,2,4.449999809265137,6.080009937286377
2016-05-13 00:00:00,3,4.380000114440918,5.699923038482666
2016-05-13 00:00:00,4,5.049999713897705,5.650564193725586
2016-05-13 00:00:00,5,7.069999694824219,5.258367538452148
2016-05-13 00:00:00,6,8.699999809265137,5.114030361175537
2016-05-13 00:00:00,7,5.489999771118164,5.112759113311768
2016-05-14 00:00:00,1,4.449999809265137,6.098982810974121
2016-05-14 00:00:00,2,4.380000114440918,5.867659568786621
2016-05-14 00:00:00,3,5.049999713897705,5.578704357147217
2016-05-14 00:00:00,4,7.069999694824219,5.548766613006592
2016-05-14 00:00:00,5,8.699999809265137,5.15694522857666
2016-05-14 00:00:00,6,5.489999771118164,5.0579071044921875
2016-05-14 00:00:00,7,4.309999942779541,5.028292655944824
2016-05-15 00:00:00,1,4.380000114440918,5.904027938842773
2016-05-15 00:00:00,2,5.049999713897705,5.710416316986084
2016-05-15 00:00:00,3,7.069999694824219,5.502074718475342
2016-05-15 00:00:00,4,8.699999809265137,5.492988109588623
2016-05-15 00:00:00,5,5.489999771118164,5.081860542297363
2016-05-15 00:00:00,6,4.309999942779541,4.993162155151367
2016-05-15 00:00:00,7,3.7200000286102295,4.959179401397705
2016-05-16 00:00:00,1,5.049999713897705,6.11184549331665
2016-05-16 00:00:00,2,7.069999694824219,5.864965438842773
2016-05-16 00:00:00,3,8.699999809265137,5.5827507972717285
2016-05-16 00:00:00,4,5.489999771118164,5.55893611907959
2016-05-16 00:00:00,5,4.309999942779541,5.136353015899658
2016-05-16 00:00:00,6,3.7200000286102295,4.973811626434326
2016-05-16 00:00:00,7,3.56000018119812,4.9965128898620605
2016-05-17 00:00:00,1,7.069999694824219,6.718000888824463
2016-05-17 00:00:00,2,8.699999809265137,6.3269453048706055
2016-05-17 00:00:00,3,5.489999771118164,5.793492317199707
2016-05-17 00:00:00,4,4.309999942779541,5.702846527099609
2016-05-17 00:00:00,5,3.7200000286102295,5.298747539520264
2016-05-17 00:00:00,6,3.56000018119812,5.018669605255127
2016-05-17 00:00:00,7,3.8499999046325684,5.112355709075928
2016-05-18 00:00:00,1,8.699999809265137,6.644003391265869
2016-05-18 00:00:00,2,5.489999771118164,6.2495927810668945
2016-05-18 00:00:00,3,4.309999942779541,5.688027858734131
2016-05-18 00:00:00,4,3.7200000286102295,5.57768440246582
2016-05-18 00:00:00,5,3.56000018119812,5.211137294769287
2016-05-18 00:00:00,6,3.8499999046325684,5.0012736320495605
2016-05-18 00:00:00,7,3.9200000762939453,5.011852264404297
2016-05-19 00:00:00,1,5.489999771118164,6.304215908050537
2016-05-19 00:00:00,2,4.309999942779541,5.970756530761719
2016-05-19 00:00:00,3,3.7200000286102295,5.52944803237915
2016-05-19 00:00:00,4,3.56000018119812,5.443922996520996
2016-05-19 00:00:00,5,3.8499999046325684,5.086382865905762
2016-05-19 00:00:00,6,3.9200000762939453,4.951236724853516
2016-05-19 00:00:00,7,4.200000286102295,4.896337032318115
2016-05-20 00:00:00,1,4.309999942779541,5.863133430480957
2016-05-20 00:00:00,2,3.7200000286102295,5.618905067443848
2016-05-20 00:00:00,3,3.56000018119812,5.348808288574219
2016-05-20 00:00:00,4,3.8499999046325684,5.307835578918457
2016-05-20 00:00:00,5,3.9200000762939453,4.943371772766113
2016-05-20 00:00:00,6,4.200000286102295,4.875667572021484
2016-05-20 00:00:00,7,4.849999904632568,4.786044120788574
2016-05-21 00:00:00,1,3.7200000286102295,5.464736461639404
2016-05-21 00:00:00,2,3.56000018119812,5.3028364181518555
2016-05-21 00:00:00,3,3.8499999046325684,5.188141345977783
2016-05-21 00:00:00,4,3.9200000762939453,5.189135551452637
2016-05-21 00:00:00,5,4.200000286102295,4.816695213317871
2016-05-21 00:00:00,6,4.849999904632568,4.793766498565674
2016-05-21 00:00:00,7,4.980000019073486,4.696621894836426
2016-05-22 00:00:00,1,3.56000018119812,5.164982795715332
2016-05-22 00:00:00,2,3.8499999046325684,5.063357830047607
2016-05-22 00:00:00,3,3.9200000762939453,5.054678440093994
2016-05-22 00:00:00,4,4.200000286102295,5.085726737976074
2016-05-22 00:00:00,5,4.849999904632568,4.7127156257629395
2016-05-22 00:00:00,6,4.980000019073486,4.713862419128418
2016-05-22 00:00:00,7,4.899999618530273,4.6225175857543945
2016-05-23 00:00:00,1,3.8499999046325684,4.9424333572387695
2016-05-23 00:00:00,2,3.9200000762939453,4.88114595413208
2016-05-23 00:00:00,3,4.200000286102295,4.932427883148193
2016-05-23 00:00:00,4,4.849999904632568,4.980886936187744
2016-05-23 00:00:00,5,4.980000019073486,4.620702266693115
2016-05-23 00:00:00,6,4.899999618530273,4.63737678527832
2016-05-23 00:00:00,7,4.929999828338623,4.5495524406433105
2016-05-24 00:00:00,1,3.9200000762939453,4.768692493438721
2016-05-24 00:00:00,2,4.200000286102295,4.733956813812256
2016-05-24 00:00:00,3,4.849999904632568,4.813266277313232
2016-05-24 00:00:00,4,4.980000019073486,4.869070529937744
2016-05-24 00:00:00,5,4.899999618530273,4.533237934112549
2016-05-24 00:00:00,6,4.929999828338623,4.564295768737793
2016-05-24 00:00:00,7,4.640000343322754,4.471214771270752
2016-05-25 00:00:00,1,4.200000286102295,4.660430431365967
2016-05-25 00:00:00,2,4.849999904632568,4.636378765106201
2016-05-25 00:00:00,3,4.980000019073486,4.712329864501953
2016-05-25 00:00:00,4,4.899999618530273,4.76415491104126
2016-05-25 00:00:00,5,4.929999828338623,4.4562602043151855
2016-05-25 00:00:00,6,4.640000343322754,4.49254846572876
2016-05-25 00:00:00,7,4.420000076293945,4.391324520111084
